<?xml version="1.0" encoding="UTF-8"?>
<project-private xmlns="http://www.netbeans.org/ns/project-private/1">
    <editor-bookmarks xmlns="http://www.netbeans.org/ns/editor-bookmarks/2" lastBookmarkId="0"/>
    <open-files xmlns="http://www.netbeans.org/ns/projectui-open-files/2">
        <group>
            <file>file:/D:/TSN_JAVA_POI_DOC-master/src/tsn_java_poi_doc/receipt.png</file>
            <file>file:/D:/TSN_JAVA_POI_DOC-master/src/tsn_java_poi_doc/ReceiptWord.java</file>
        </group>
    </open-files>
</project-private>
